rider_id,rider_name,signup_date
1,Carolyn Harris,2024-05-26
2,Shane Perez,2023-11-14
3,Tammy Harris,2024-07-27
4,Brian Haynes,2023-10-27
5,Zachary Smith,2025-04-05
6,Nicole Joseph,2025-04-21
7,James Jones,2023-10-26
8,Scott Moyer,2024-09-05
9,Raymond Evans,2024-09-03
10,Robert Huber,2024-12-29
11,Gary Cole,2023-07-31
12,Brian Chung,2024-06-03
13,Brandon Romero,2024-04-13
14,Travis Myers,2023-09-14
15,Tiffany Kennedy,2024-11-02
16,Dennis Soto,2024-06-30
17,Candace Rios,2024-12-30
18,Angela Smith,2024-07-04
19,David Dominguez,2024-05-03
20,Amanda Ellis,2023-05-23
21,Charles Wood,2024-08-03
22,Samantha Turner,2023-12-14
23,Ernest Sims,2024-05-10
24,Brittany Haynes,2024-04-06
25,Danny Lee,2024-04-26
26,Lisa Edwards,2023-11-24
27,Raymond Lyons,2024-02-17
28,Kevin Reeves,2023-07-16
29,Nancy Hatfield,2024-10-18
30,Robin Richards,2025-02-21
31,James Ponce,2024-02-04
32,Cynthia Thomas,2024-10-21
33,Kevin Wright,2024-02-05
34,Stephanie Castillo,2023-10-27
35,Jennifer Dillon,2025-02-02
36,Christina Singleton,2023-12-16
37,George Davis,2024-05-05
38,David Vasquez,2024-02-27
39,Jesus Hayes,2024-05-07
40,Nicolas Case,2023-09-11
41,Justin Rodriguez,2025-01-07
42,Bradley Maddox,2024-06-22
43,Audrey Powell,2024-12-31
44,Tracey Barrett,2023-10-12
45,Jordan Harris,2025-02-14
46,Lisa Burnett,2024-07-21
47,Tami Bray,2023-05-15
48,James Young,2025-01-06
49,Michael Watson,2023-06-01
50,Natalie Kelly,2025-01-22
51,Richard Miller,2023-06-23
52,Kyle Johnson,2023-07-24
53,Jessica King,2025-01-20
54,Emily Flores,2024-12-29
55,Holly Hopkins,2023-05-23
56,Helen Reese,2024-12-19
57,Beverly Richmond,2024-06-20
58,Rebecca Aguirre,2025-02-15
59,Kayla Anderson,2023-08-23
60,Mr. William Walsh,2023-08-29
61,Aaron Russell,2024-08-06
62,Tina Barrera,2025-02-21
63,Jonathan Williams,2025-04-20
64,Samantha Taylor,2025-01-02
65,Daniel Archer,2025-05-01
66,Vanessa Palmer,2023-09-08
67,Nicolas Jensen,2024-10-09
68,Greg Stewart,2024-04-27
69,Derek Rogers,2025-04-20
70,Cheryl Jimenez,2024-12-24
71,Natasha Harvey,2023-10-19
72,Roy Johnson,2024-05-23
73,Robin Allen,2025-02-27
74,Holly Wilkinson,2024-04-24
75,Amy Coleman,2025-01-24
76,Brian Griffin,2025-01-22
77,David Dean,2024-06-23
78,Kyle Johnson,2023-09-06
79,Amanda Thompson,2024-05-16
80,Stephen Wilson,2025-03-15
81,Christopher Bailey,2024-05-21
82,Martha Choi,2024-09-05
83,Linda Henry,2024-05-05
84,Cynthia Briggs,2023-08-26
85,Martha Williams,2023-09-10
86,Christopher Turner,2023-07-03
87,Nicole Peck,2025-04-02
88,Leslie Bryant,2024-11-25
89,Steve Roman,2023-08-15
90,Heather Ibarra,2024-06-27
91,Kimberly Mendez,2024-12-24
92,Tina Everett,2024-09-28
93,Kimberly Logan,2024-04-05
94,Christine Larson,2025-02-07
95,Richard Delgado,2023-08-14
96,John Fisher,2024-10-25
97,Scott Kelley,2025-01-07
98,Curtis Owens,2023-06-07
99,Laura Church,2023-06-01
100,Wesley Jefferson,2023-11-17
101,Geoffrey Williams,2024-09-30
102,Brenda Gonzalez,2023-10-02
103,Kelly Mcconnell,2024-05-18
104,James Pena,2024-01-11
105,Matthew Walker,2023-08-21
106,Leonard Conley,2024-05-21
107,Shawn Shaw,2023-09-30
108,Stephanie Anderson,2024-05-02
109,Vincent Phillips,2023-08-11
110,Michelle Morrow,2024-09-29
111,Victoria Sanders,2024-02-02
112,Mario Thomas,2025-01-22
113,Kayla Jackson,2023-08-21
114,Robert Johnson,2023-12-25
115,Jessica Roach,2024-02-08
116,Mercedes Robles,2023-05-13
117,Taylor Brown,2023-05-15
118,Zachary Arnold,2023-10-12
119,Renee Harris,2024-04-01
120,Robert Schmidt,2024-06-03
121,Danielle Wolfe,2025-03-07
122,Stacy Lopez,2024-09-17
123,Doris Pace,2024-08-04
124,Joshua Rose,2024-02-21
125,Nancy Nichols,2024-07-23
126,Melinda Wilson,2024-04-13
127,Peter Wheeler,2024-03-26
128,Richard Diaz,2025-01-02
129,Ruth Roberts,2024-08-22
130,Susan Long,2024-01-29
131,Christopher Miller,2025-03-18
132,Nancy Neal,2025-01-05
133,Jodi Baker,2023-10-21
134,Ryan Jones,2025-02-22
135,Rhonda Bennett,2024-12-21
136,Jeffery Lawrence,2024-11-03
137,Chelsea Andersen,2023-12-21
138,Jessica Walker,2024-08-13
139,Amanda Parker,2023-10-27
140,Angel Marshall,2024-02-10
141,Kenneth Gibbs,2023-08-06
142,Victoria Dennis,2024-09-02
143,Lisa Jones,2024-03-22
144,Kristin Cohen,2024-05-08
145,Mia Rose,2023-10-21
146,Carol Williams,2024-05-11
147,Danny Jensen,2024-10-30
148,Jamie Huffman,2024-02-27
149,Helen Mills,2023-06-26
150,James Rose,2024-10-09
151,Patricia Levy,2024-08-03
152,Kelly Christensen,2024-05-27
153,Jeremy May,2024-04-11
154,Henry Banks,2023-09-29
155,Wayne Garcia,2025-05-04
156,Elizabeth Miller,2024-01-06
157,Kenneth Gonzalez,2024-12-02
158,Zachary Rivas,2024-02-10
159,Rebecca Francis,2024-10-19
160,Christina Jacobson,2024-09-30
161,Jonathan Buchanan,2024-09-29
162,Elizabeth Fowler,2024-10-18
163,Cindy Webb,2024-06-26
164,John Simpson,2024-11-26
165,Christine Beard,2025-01-11
166,Bruce Edwards,2024-07-30
167,Erin Flynn,2024-11-23
168,Dorothy Marshall,2024-11-06
169,Aimee Costa,2023-12-10
170,Laura Griffin,2025-01-24
171,Vanessa Walsh,2024-09-04
172,Brittany Gray,2024-01-05
173,Janet Kim,2023-11-27
174,Mary Mitchell,2023-09-05
175,Sarah Brown,2025-05-09
176,Edward Moran,2023-10-15
177,David White,2024-01-29
178,Amy Murray,2023-08-06
179,Yvette Martin,2024-08-21
180,Troy Winters,2024-01-20
181,Kaitlyn Ewing,2024-10-21
182,Summer Jones,2024-03-19
183,Nicole Baird,2024-06-08
184,Kathryn Johnson,2024-06-17
185,Scott Garcia,2023-05-17
186,George Nguyen,2024-06-13
187,Nichole Fox,2024-05-29
188,Joseph Bishop,2024-06-09
189,Michelle Watts,2023-12-21
190,Lindsay Butler,2024-05-09
191,Taylor Wagner,2024-10-25
192,Michael Thompson,2024-03-29
193,James Robbins,2023-09-09
194,Lynn Robinson,2023-11-27
195,Casey Norton,2024-02-20
196,Diana Barrett,2024-06-09
197,Michael Ross,2024-09-07
198,Ashley Wilson,2024-12-17
199,Jonathan Thompson,2024-06-29
200,Tara Steele,2025-03-10
201,Erin Thompson,2024-12-16
202,Tracey Dixon,2024-08-20
203,Brian Morales,2024-02-17
204,Natasha Taylor,2024-03-31
205,Kimberly Perry,2025-03-08
206,Nicholas Lopez,2023-06-21
207,Paul Rivera,2025-02-05
208,Alan Jones,2025-05-11
209,Jennifer Chung,2024-02-01
210,Debbie Andrews,2024-11-25
211,James Foster,2024-12-03
212,Kevin Freeman,2023-06-13
213,Nathaniel Smith,2023-10-07
214,Leslie Thompson,2023-06-21
215,Jennifer Greer,2025-04-04
216,Erin Myers,2024-11-10
217,Timothy Montgomery,2024-01-17
218,Troy Escobar,2023-08-07
219,Lisa Obrien,2023-09-03
220,Yolanda Clark,2024-12-28
221,Michelle Nguyen,2024-11-05
222,Ms. Lisa Sutton,2024-04-04
223,John Johnson,2024-06-12
224,Kimberly Price,2024-03-17
225,Sara Brown,2024-08-01
226,Michelle Carter,2023-09-02
227,Walter Berry,2024-05-31
228,Crystal Blair,2023-06-22
229,Justin Archer,2024-10-27
230,Leslie Stewart,2025-03-10
231,Tiffany Clark,2023-12-17
232,Claudia Garcia,2024-10-10
233,James Weaver,2024-11-25
234,Chris Smith,2024-12-13
235,Andre Martinez,2023-07-31
236,William Wilkinson,2023-11-07
237,Kevin Jackson,2024-06-02
238,Philip Perry,2023-10-31
239,Keith Perez,2024-06-11
240,Patrick Perez,2025-04-06
241,Linda Porter,2024-01-07
242,Anne Parker,2024-12-08
243,Patricia Adams,2024-08-04
244,Nicholas Lawson,2023-05-21
245,Kara Castillo,2023-05-21
246,Catherine Mcpherson,2025-04-20
247,Michelle Kirby,2024-11-25
248,Richard Greene,2025-02-12
249,Christopher Huff,2023-09-14
250,Amy Holmes,2024-10-26
251,Amanda Jones,2024-09-23
252,Scott Ramirez,2024-07-26
253,Linda Villegas,2023-06-22
254,Candace Calhoun,2024-07-01
255,Diana Barnett,2023-06-23
256,Christian Summers,2024-07-08
257,Robert Sanchez,2025-01-03
258,Mariah Gonzalez,2024-10-02
259,Natasha Richardson,2025-02-03
260,Heather Baird,2024-09-03
261,Jesse Lewis,2024-11-11
262,Joyce Diaz,2023-10-15
263,Elizabeth Boyd,2024-10-13
264,Jessica Porter,2024-06-11
265,Brian Hart,2023-10-25
266,Dwayne Conley,2024-08-01
267,Tiffany Hill,2024-05-02
268,Zachary Sutton,2024-09-02
269,James Garza DDS,2025-04-27
270,David Simmons,2025-02-17
271,Angela Brown,2025-01-27
272,Frank Nguyen,2025-05-10
273,Joe Harvey,2024-07-25
274,Jeremiah Hughes,2024-10-25
275,Mark Mendoza,2024-07-30
276,Anthony Blackwell,2023-05-16
277,Samantha Mendoza,2025-02-08
278,Daniel Johnson,2023-12-13
279,Jason Vincent,2023-11-10
280,John Rice,2024-11-12
281,Mary Vincent,2023-05-18
282,Margaret Lewis,2024-05-17
283,Beth House,2024-11-18
284,Mr. Stephen Fisher,2023-10-15
285,Brian Cochran,2024-02-20
286,Amy Frey,2025-03-24
287,Michael Boyd,2023-10-11
288,Robin James,2024-08-23
289,Amy Rowe,2024-07-05
290,Debbie Mayer,2023-07-17
291,Larry Herring,2024-12-21
292,Heather Clark,2024-07-15
293,Sara Baker,2024-11-10
294,David Hill,2024-09-03
295,Aaron Harrison,2023-07-18
296,Kristin Jackson,2024-08-08
297,Brett Alexander,2024-02-01
298,Meagan Brown,2024-09-15
299,Zachary Espinoza,2024-06-14
300,Travis Dean,2024-08-22
301,Kimberly Fernandez,2023-11-16
302,Scott Garcia,2023-07-29
303,Samuel Gonzalez,2024-03-13
304,Ronald Perez,2024-10-06
305,Jennifer Keller,2025-03-23
306,Robin Perez,2025-02-13
307,Gina Harris,2025-02-08
308,Wayne Hunter,2024-01-16
309,Edwin Rodriguez,2024-09-25
310,Tyler Foster,2024-03-17
311,Richard Hines,2023-09-21
312,Kevin Burton,2023-09-07
313,Brandy Sanders MD,2025-05-07
314,Zoe Walters,2025-04-08
315,Angela Simmons,2024-01-18
316,Richard Ford,2023-05-15
317,Stephanie Kelly,2023-07-14
318,Marilyn Martinez,2023-09-16
319,Dennis Phillips,2024-01-12
320,Judy Garcia,2023-11-10
321,Cody Ramirez,2024-09-21
322,Michael Hernandez,2023-06-22
323,Andrew Pena,2023-07-31
324,Heather Smith,2023-10-23
325,Angel Graham MD,2024-03-18
326,Cynthia Armstrong,2023-11-28
327,Belinda Saunders,2024-02-25
328,Tara Schwartz,2023-11-28
329,Kevin Nguyen,2025-03-02
330,Thomas Jordan,2023-06-12
331,Jodi Brown MD,2023-08-01
332,Amanda Rodriguez,2024-02-08
333,Kristin Campbell,2024-07-18
334,James Hughes,2024-09-18
335,Lindsey Young,2024-05-18
336,Teresa Chaney,2023-11-10
337,Alison Garrett,2024-02-03
338,Erin Gates,2024-11-09
339,Maria Walker,2024-11-17
340,Peter Johnson,2024-08-15
341,Matthew Robertson,2024-02-11
342,Donna Crawford,2024-06-21
343,John Williams,2023-10-14
344,Joshua Estrada,2024-12-21
345,Megan Gaines,2024-02-17
346,Jon Cannon,2024-12-31
347,Laura Miles,2024-02-05
348,Pamela Fuller,2025-04-16
349,Diamond Hernandez,2023-09-08
350,William Thomas,2024-08-20
351,Dylan Collins,2024-12-12
352,Natalie Garcia,2024-10-05
353,Lauren Tyler,2024-08-26
354,Tanya Morrison,2025-04-16
355,Joshua Guzman,2024-11-19
356,Anthony Guzman,2024-06-17
357,Katherine Santana,2023-08-02
358,Tanya Malone,2025-03-23
359,Edwin Keith,2025-03-08
360,Stacy Johnston,2024-08-07
361,William Riley,2023-09-15
362,Anna Mosley,2024-06-12
363,James Turner,2024-03-31
364,Mike Johnson,2024-10-20
365,Sean Cox,2024-05-31
366,Alexis Hayes,2024-02-09
367,Suzanne Morton,2024-07-11
368,Amanda Wilson,2024-04-10
369,Connie Wagner,2024-03-07
370,Johnathan Manning,2023-06-12
371,Tyler Donovan,2024-11-10
372,Jennifer Reeves,2024-11-26
373,Brenda Davis,2023-10-26
374,April Valdez,2024-07-03
375,Jonathan Mcconnell,2023-06-05
376,Kara Martin,2024-05-24
377,Ariana Evans,2024-04-07
378,Jennifer Escobar,2023-10-07
379,Kristopher Clark,2024-06-02
380,Christopher Jones,2024-05-26
381,Desiree Harris,2023-10-05
382,Melissa Johnson,2025-01-03
383,Matthew Griffith,2023-07-26
384,Brenda Williams,2025-04-30
385,Christina Davis,2025-05-05
386,James Rodriguez,2025-05-07
387,Mitchell Walton,2024-03-21
388,Michele Banks,2023-07-22
389,Matthew Torres,2024-04-28
390,Jaime Davis,2024-03-30
391,Linda Russell,2024-01-23
392,Mr. Eric Roman DDS,2024-07-06
393,Christopher Hayes,2024-11-05
394,Donald Adkins,2023-08-28
395,Antonio Costa,2024-06-04
396,Timothy Lucero,2024-02-07
397,Christine Kim,2024-10-06
398,Jennifer Johnson,2024-01-26
399,Crystal Carroll,2024-07-05
400,Robert Hunter,2025-01-21
401,Scott Lopez,2024-02-10
402,Christopher Beasley,2025-04-23
403,Julian Sexton,2023-09-03
404,Carrie Fritz,2024-04-08
405,Brandon Richardson,2025-04-07
406,Pamela Garcia,2024-01-10
407,Stephanie Gill,2024-05-18
408,Andrea Anderson,2024-03-12
409,Kenneth Martin,2024-09-28
410,Sarah Howe,2024-09-30
411,Brenda Brady,2023-10-25
412,Benjamin Thompson,2024-04-10
413,Kristen Dickson,2023-09-08
414,Megan Scott,2024-03-22
415,Travis Brady,2023-08-24
416,Steven Mcpherson,2024-06-29
417,Valerie Mitchell,2024-12-29
418,Phillip Fuller,2024-12-17
419,Jordan Miller,2024-08-23
420,Crystal Riggs,2024-12-26
421,Brittany Tran,2024-05-22
422,Erika Newman,2025-03-01
423,Lindsey Moore,2023-09-29
424,Robin Greer,2025-01-01
425,Ryan Robinson,2023-09-30
426,Linda Bailey,2023-11-24
427,Tiffany Frederick,2023-10-01
428,Julia Johnson,2024-08-10
429,Bobby Moore,2024-03-24
430,Samantha Jackson,2025-05-06
431,Anthony Clark,2025-03-16
432,Michael Green,2024-12-26
433,Terry Hernandez,2023-07-13
434,Eric Ray,2023-11-25
435,Theresa Brooks,2025-03-29
436,Jasmine Salazar,2023-12-07
437,Lisa Morris,2025-04-29
438,Benjamin Miller,2024-01-07
439,Randall Burgess,2023-05-15
440,Xavier Jones,2023-10-06
441,Shelly Carter,2024-08-10
442,Destiny Farmer,2023-11-17
443,Joshua York,2023-07-06
444,Kevin Davis,2024-06-25
445,Sarah Bray,2023-07-15
446,Gary Cook,2023-12-10
447,Renee Mata,2024-04-01
448,Cassie Armstrong,2024-11-12
449,Alicia Calhoun,2023-11-22
450,Jeremiah Franco,2023-12-16
451,Tommy Nelson,2023-10-05
452,Scott Mason,2024-06-11
453,James Burns,2023-08-12
454,Laura Horne,2024-10-11
455,Julia Kramer,2024-09-28
456,Linda Edwards,2023-08-19
457,Sarah Boyle,2024-09-19
458,Michael Wilson,2023-08-21
459,Sarah Mcclain,2023-05-24
460,Emily Meyer,2023-06-09
461,Zachary Zhang,2024-09-06
462,Adam Christian,2024-12-27
463,Cody Smith,2023-06-16
464,Caitlin Decker,2025-01-31
465,Derek Terrell,2025-01-04
466,Michael Garrett,2023-12-08
467,Michael Richardson,2023-06-29
468,Martha Martin,2023-09-14
469,Jeremy White,2024-11-09
470,George Thompson,2024-01-14
471,Curtis Doyle,2024-07-03
472,Darin Crawford,2025-01-07
473,Robert Evans,2025-05-05
474,Sarah Thompson,2025-05-10
475,Lawrence Allen,2024-01-02
476,Amanda Calhoun,2024-12-04
477,Adam Anderson,2023-06-27
478,Justin Coleman,2025-01-29
479,Matthew Rocha,2024-12-23
480,Joel Collins,2025-01-27
481,Holly Elliott,2023-05-22
482,Christina Warren,2023-07-26
483,Candace Suarez,2024-01-20
484,Zoe Roberson,2025-02-27
485,Kenneth Sanford,2024-11-08
486,Julie Garcia,2024-08-30
487,Matthew Martinez,2024-08-27
488,April King,2024-01-22
489,Megan Craig,2024-02-12
490,Nicole Morales,2024-09-02
491,Bruce Conner,2024-11-12
492,Amy Klein,2024-04-06
493,Michele Swanson,2024-11-10
494,Jason Weeks,2023-10-19
495,Antonio Nash,2024-01-19
496,Stephen Williams,2024-05-12
497,Robert Ward,2024-03-03
498,Alyssa Munoz,2023-09-15
499,Jennifer Sanford,2023-07-10
500,Shannon Vargas,2024-02-06
